SKU,Name,Stock
BK-CIT-01,Trail 1,0
BK-ELE-02,Aero 2,0
BK-MOU-03,Peak 3,0
BK-ELE-04,Apex 4,6
BK-MOU-05,Apex 5,17
BK-ELE-06,Apex 6,16
BK-MOU-07,Aero 7,12
BK-CIT-08,Trail 8,0
BK-ROA-09,Peak 9,0
BK-GRA-10,Trail 10,0
BK-GRA-11,Trail 11,0
BK-ELE-12,Aero 12,0
BK-ELE-13,Apex 13,10
BK-ROA-14,Trail 14,0
BK-ROA-15,Aero 15,19
BK-ELE-16,Peak 16,0
BK-GRA-17,Aero 17,5
BK-ELE-18,Peak 18,0
BK-MOU-19,Aero 19,15
BK-ELE-20,Apex 20,6
BK-ROA-21,Aero 21,13
BK-GRA-22,Trail 22,0
BK-ROA-23,Apex 23,14
BK-CIT-24,Aero 24,0
BK-GRA-25,Aero 25,0
BK-ELE-26,Trail 26,0
BK-ELE-27,Trail 27,6
BK-ROA-28,Trail 28,0
BK-GRA-29,Aero 29,0
BK-MOU-30,Trail 30,0
BK-ELE-31,Apex 31,0
BK-MOU-32,Trail 32,0
BK-MOU-33,Apex 33,0
BK-MOU-34,Trail 34,17
BK-ELE-35,Peak 35,0
BK-MOU-36,Apex 36,0
BK-GRA-37,Trail 37,0
BK-ELE-38,Aero 38,0
BK-MOU-39,Apex 39,0
BK-ROA-40,Apex 40,0
BK-ROA-41,Peak 41,11
BK-GRA-42,Peak 42,0
BK-ELE-43,Aero 43,0
BK-CIT-44,Apex 44,7
BK-ELE-45,Peak 45,0
BK-CIT-46,Trail 46,0
BK-GRA-47,Peak 47,0
BK-GRA-48,Aero 48,0
BK-CIT-49,Trail 49,0
BK-ELE-50,Peak 50,0
